{
    "cam0_to_cam1_r": [
        0.9903287966086202,
        0.0006162259913063514,
        0.13873894504878584,
        -0.0006774450706952472,
        0.9999996929035018,
        0.0003940318239073779,
        -0.13873865962989038,
        -0.00048420907643245166,
        0.9903289099413749
    ],
    "cam0_to_cam1_t": [
        -364.5070084232201,
        3.760409375977997,
        20.428729189727743
    ],
    "cam0_to_cam2_r": [
        0.9999701276574404,
        -0.007285930969154595,
        -0.002580504345102568,
        0.007271826353625659,
        0.9999587969727143,
        -0.005433681842421982,
        0.002619987451323881,
        0.005414754546114254,
        0.9999819078858179
    ],
    "cam0_to_cam2_t": [
        -31.443961355783493,
        3.9265039805830226,
        -1.3997177804042589
    ],
    "camera0": {
        "dist_coefficients": [
            -0.09073973837610501,
            0.12655474477509782,
            0.00016155528925215868,
            0.000665495062939028,
            0
        ],
        "intrinsic": [
            1550.5747914539038,
            1550.2919434074072,
            1010.7524873372187,
            715.5371735296188
        ]
    },
    "camera1": {
        "dist_coefficients": [
            -0.09135680623143927,
            0.1288681393075755,
            0.0003151304635144878,
            0.00036477102294292974,
            0
        ],
        "intrinsic": [
            1550.3715542558707,
            1550.0272161643572,
            1015.2885773870438,
            764.9285634802063
        ]
    },
    "camera2": {
        "dist_coefficients": [
            -0.06490245462473453,
            0.10659895511066847,
            0.0007278645435167683,
            0.0008086627571645752,
            0
        ],
        "intrinsic": [
            1682.6325805628503,
            1682.5499373033808,
            969.8423895429003,
            760.1740719897178
        ]
    },
    "compatibleWithOpencv320": false,
    "intri_file_version": "2.0.0",
    "patternRoleCamBinning": false,
    "textureRoleCamBinning": true,
    "useSamePrincipalPoint": false
}
