{
    "cam1_to_cam0_r": [
        0.9915147073584069,
        -0.006969565450721429,
        -0.12980758933668307,
        0.006359012270502069,
        0.9999666869671997,
        -0.005117413290532958,
        0.12983893119906853,
        0.004248542487798544,
        0.9915259965486598
    ],
    "cam1_to_cam0_t": [
        84.26784983247366,
        0.24555762110379822,
        6.7462295707404225
    ],
    "intri_file_version": "2.0.0",
    "set0": {
        "camera": {
            "dist_coefficients": [
                -0.04795283529317473,
                0.06570486163479677,
                -0.004118126851989601,
                0.008496307729261568,
                0
            ],
            "intrinsic": [
                1569.2239310268603,
                1568.9499515472125,
                860.4585494633897,
                575.3697019146756
            ]
        },
        "dlp": {
            "cam_to_dlp_r": [
                0.9979726010530221,
                -0.0028751553261922892,
                0.0635800364054302,
                0.002018324420712027,
                0.9999063398691946,
                0.013536537811545419,
                -0.06361300113969093,
                -0.013380768708893726,
                0.9978849338048755
            ],
            "cam_to_dlp_t": [
                -30.46044143588858,
                -0.02849124116136003,
                -2.572935334167885
            ],
            "dlp_intri": {
                "dist_coefficients": [
                    0.0013429717888346732,
                    0.0007790030252394485,
                    -0.0034836602555142907,
                    0.007637153703205926,
                    0
                ],
                "intrinsic": [
                    1071.5571926444586,
                    1071.7371360393001,
                    665.8859400339834,
                    343.61511669025873
                ]
            }
        },
        "intri_file_version": "2.0.0",
        "patternRoleCamBinning": false
    },
    "set1": {
        "camera": {
            "dist_coefficients": [
                -0.05342523975753638,
                0.08994573395797002,
                -0.0024521648283140863,
                0.0056129754691060935,
                0
            ],
            "intrinsic": [
                1579.1036737373533,
                1579.5988825875586,
                833.431411034487,
                571.8184749195307
            ]
        },
        "dlp": {
            "cam_to_dlp_r": [
                0.9977488121005326,
                -0.009557222374263742,
                -0.06637746193147984,
                0.010108074861308311,
                0.9999171662662543,
                0.007967899890317326,
                0.06629581264736387,
                -0.008620911004807113,
                0.9977627699603112
            ],
            "cam_to_dlp_t": [
                53.99153451863949,
                0.5263321525460852,
                -1.182030439044815
            ],
            "dlp_intri": {
                "dist_coefficients": [
                    0.0013429717888346732,
                    0.0007790030252394485,
                    -0.0034836602555142907,
                    0.007637153703205926,
                    0
                ],
                "intrinsic": [
                    1071.5571926444586,
                    1071.7371360393001,
                    665.8859400339834,
                    343.61511669025873
                ]
            }
        },
        "intri_file_version": "2.0.0",
        "patternRoleCamBinning": false
    }
}
