{"width": 1280, "height": 960, "depth_scale": 1, "cx": 615.1681365966797, "cy": 463.22832107543945, "fx": 968.8497373661764, "fy": 968.8497373661764, "baseline": 0.36509838789650606}