{"width": 1280, "height": 960, "depth_scale": 1, "cx": 591.5767211914062, "cy": 500.02502059936523, "fx": 971.9397624721826, "fy": 971.9397624721826, "baseline": 0.37801957706866585}