{"width": 640, "height": 480, "depth_scale": 1, "cx": 307.5711975097656, "cy": 231.60689544677734, "fx": 484.4248686830882, "fy": 484.4248686830882, "baseline": 0.36509838789650606}