{"width": 640, "height": 480, "depth_scale": 1, "cx": 320.46334075927734, "cy": 239.64772033691406, "fx": 563.1752778731275, "fy": 563.1752778731275, "baseline": 0.14658551995438865}