{"width": 1920, "height": 1440, "depth_scale": 1, "cx": 887.3810577392578, "cy": 750.0411071777344, "fx": 1457.9096437082737, "fy": 1457.9096437082737, "baseline": 0.37801957706866585}