{"width": 1920, "height": 1440, "depth_scale": 1, "cx": 922.7652053833008, "cy": 694.8498306274414, "fx": 1453.2746060492645, "fy": 1453.2746060492645, "baseline": 0.36509838789650606}